{"0.10": [2.053410166049148, 0.035432105933805545, 0.027055750247385255, 0.9432457551263028, 0.9979765410879625], "1.25": [1.7132112787775398, 0.46426212124574967, 0.23605538377611573, 0.4252363266867176, 0.993457670362997], "4.00": [1.0204049741183023, 0.9892671828885087, -0.013161214101093, 0.01785957275841159, 1.0004646109245603]}