{
  "0.25": [
    2.257763937377627,
    0.10443792456696127,
    0.05249963763298343,
    0.8577953703345867,
    0.9978041373296709
  ],
  "1.00": [
    2.978177180936807,
    0.3624859344787723,
    0.19189036343344185,
    0.5238392058288387,
    1.000876097233912
  ],
  "4.00": [
    0.9827822354989232,
    1.005266776096542,
    -0.0016595283956967466,
    -0.0027069522504898046,
    1.0003765120051233
  ]
}