{
  "0.25": [
    3.6214897533313604,
    0.12188547888258933,
    0.09859095373665258,
    0.8300915415420004,
    0.9941637501509953
  ],
  "1.00": [
    2.4857394663934516,
    0.28211991705144657,
    0.13838972719540021,
    0.5287532348896062,
    0.9976719707175685
  ],
  "4.00": [
    1.000000000000011,
    1.0000000000000102,
    4.551914400963142E-15,
    -1.2247147740396258E-15,
    1.0000000000000007
  ]
}