{
    "4": [
        16.91559161389242,
        0.38392504493015067,
        0.3235729823757619,
        0.29250197269408745,
        1.0
    ],
    "0.25": [
        1.0,
        0.17691179770329582,
        0.5184460620793868,
        0.30464214021731745,
        1.0
    ],
    "1": [
        3.4976406593253864,
        0.0,
        0.5,
        0.5,
        1.0
    ]
}