{
  "0.25": [
    0.21206923649241527,
    0.9597756744079762,
    -0.6976333377042633,
    0.16087680964708706,
    0.8794170837427167,
    0.9854813263869885
  ],
  "1.00": [
    0.1634283077172673,
    2.004429571617946,
    -0.4840571944907661,
    0.11101666806487959,
    0.632190859367936,
    0.9886360506389685
  ],
  "4.00": [
    0.011900418547917083,
    0.8678029706323578,
    0.1822980332672186,
    0.0041098709999925764,
    0.11509907015336761,
    0.9977587838037578
  ]
}