{"0.25": [2.3252393134113225, 0.09975155227317743, 0.08032182729437333, 0.8450937421220647, 0.997435322775085], "1.00": [1.9484115264310722, 0.4288647055137153, 0.269370854918958, 0.44258532182537325, 0.9912367388407017], "4.00": [1.02455453397985, 0.9723698649146737, 0.0048616156760657794, 0.01790135732732076, 1.000241178138463]}