{
    "mu": 0,
    "ps": [
        0.054799291699557974,
        0.15705610688383873,
        0.2881446014166033,
        0.28814460141660336,
        0.15705610688383864,
        0.054799291699557995
    ],
    "sigma": 10,
    "vs": [
        -20.0,
        -12.0,
        -4.0,
        4.0,
        12.0,
        20.0
    ]
}