{"layout": {"0": [0, 0], "1": [0, -1.8371173070873836], "2": [0, -3.3371173070873836], "3": [1.224744871391589, -3.3371173070873836], "4": [1.224744871391589, -4.337117307087384], "5": [1.224744871391589, -2.3371173070873836], "6": [-1.224744871391589, -3.3371173070873836], "7": [-1.224744871391589, -4.337117307087384], "8": [-1.224744871391589, -2.3371173070873836], "9": [1.8371173070873836, 0], "10": [3.3371173070873836, 0], "11": [3.3371173070873836, -1.224744871391589], "12": [4.337117307087384, -1.224744871391589], "13": [2.3371173070873836, -1.224744871391589], "14": [3.3371173070873836, 1.224744871391589], "15": [4.337117307087384, 1.224744871391589], "16": [2.3371173070873836, 1.224744871391589], "17": [0, 1.8371173070873836], "18": [0, 3.3371173070873836], "19": [1.224744871391589, 3.3371173070873836], "20": [1.224744871391589, 2.3371173070873836], "21": [1.224744871391589, 4.337117307087384], "22": [-1.224744871391589, 3.3371173070873836], "23": [-1.224744871391589, 2.3371173070873836], "24": [-1.224744871391589, 4.337117307087384], "25": [-1.8371173070873836, 0], "26": [-3.3371173070873836, 0], "27": [-3.3371173070873836, -1.224744871391589], "28": [-2.3371173070873836, -1.224744871391589], "29": [-4.337117307087384, -1.224744871391589], "30": [-3.3371173070873836, 1.224744871391589], "31": [-2.3371173070873836, 1.224744871391589], "32": [-4.337117307087384, 1.224744871391589]}, "initial": "0", "graph": {"0": {"up": [0, "1"], "right": [0, "9"], "down": [0, "17"], "left": [0, "25"]}, "1": {"up": [0, "2"]}, "2": {"right": [0, "3"], "left": [0, "6"]}, "3": {"up": [0, "4"], "down": [0, "5"]}, "4": {}, "5": {}, "6": {"up": [0, "7"], "down": [0, "8"]}, "7": {}, "8": {}, "9": {"right": [0, "10"]}, "10": {"up": [0, "11"], "down": [0, "14"]}, "11": {"right": [0, "12"], "left": [0, "13"]}, "12": {}, "13": {}, "14": {"right": [0, "15"], "left": [0, "16"]}, "15": {}, "16": {}, "17": {"down": [0, "18"]}, "18": {"right": [0, "19"], "left": [0, "22"]}, "19": {"up": [0, "20"], "down": [0, "21"]}, "20": {}, "21": {}, "22": {"up": [0, "23"], "down": [0, "24"]}, "23": {}, "24": {}, "25": {"left": [0, "26"]}, "26": {"up": [0, "27"], "down": [0, "30"]}, "27": {"right": [0, "28"], "left": [0, "29"]}, "28": {}, "29": {}, "30": {"right": [0, "31"], "left": [0, "32"]}, "31": {}, "32": {}}}