trial_id,cost,kind,optimal_clicks,optimal_return
6426,1.25,test,4,15.0
5033,1.25,test,8,10.0
5638,1.25,test,10,-0.5
6060,1.25,test,4,15.0
7370,1.25,test,10,-8.5
6337,1.25,test,3,28.25
11337,4.0,test,1,8.0
12022,4.0,test,2,-7.999999999999999
12997,4.0,test,2,-4.0
12186,4.0,test,2,4.0
13777,4.0,test,2,-4.0
10339,4.0,test,1,8.0
3845,0.1,test,10,35.0
1313,0.1,test,10,19.0
4439,0.1,test,11,2.9000000000000004
1597,0.1,test,3,43.7
3324,0.1,test,10,35.0
2319,0.1,test,8,27.2
