{"0.10": [4.645176951827218, 0.04783056305614096, 0.044789706164195975, 0.9338160228125272, 0.9994239339903965], "1.25": [1.7807939607281613, 0.45246829707936637, 0.27572911981296844, 0.39014475114599445, 0.9905875327727384], "4.00": [1.0066519566667151, 0.9887916151065947, -0.00820497960640427, 0.006948313322695628, 1.0003951332873617]}